{
  "fio version": "fio-3.36",
  "timestamp": 1782108963,
  "timestamp_ms": 1782108963787,
  "time": "Mon Jun 22 09:16:03 2026",
  "jobs": [
    {
      "jobname": "test-runc",
      "groupid": 0,
      "job_start": 1782108933775,
      "error": 0,
      "eta": 0,
      "elapsed": 31,
      "job options": {
        "name": "test-runc",
        "directory": "/bench",
        "rw": "randrw",
        "rwmixread": "50",
        "bs": "4k",
        "size": "512M",
        "direct": "1",
        "runtime": "30"
      },
      "read": {
        "io_bytes": 1184858112,
        "io_kbytes": 1157088,
        "bw_bytes": 39493953,
        "bw": 38568,
        "iops": 9642.078597,
        "runtime": 30001,
        "total_ios": 289272,
        "short_ios": 0,
        "drop_ios": 0,
        "slat_ns": {
          "min": 0,
          "max": 0,
          "mean": 0.0,
          "stddev": 0.0,
          "N": 0
        },
        "clat_ns": {
          "min": 28064,
          "max": 28709838,
          "mean": 69240.972676,
          "stddev": 86210.512504,
          "N": 289272,
          "percentile": {
            "1.000000": 52992,
            "5.000000": 56576,
            "10.000000": 58624,
            "20.000000": 60672,
            "30.000000": 61184,
            "40.000000": 61696,
            "50.000000": 62208,
            "60.000000": 63744,
            "70.000000": 65280,
            "80.000000": 68096,
            "90.000000": 75264,
            "95.000000": 85504,
            "99.000000": 252928,
            "99.500000": 264192,
            "99.900000": 473088,
            "99.950000": 536576,
            "99.990000": 585728
          }
        },
        "lat_ns": {
          "min": 28144,
          "max": 28709898,
          "mean": 69344.140501,
          "stddev": 86212.819607,
          "N": 289272
        },
        "bw_min": 35704,
        "bw_max": 40176,
        "bw_agg": 100.0,
        "bw_mean": 38599.728814,
        "bw_dev": 831.82487,
        "bw_samples": 59,
        "iops_min": 8926,
        "iops_max": 10044,
        "iops_mean": 9649.932203,
        "iops_stddev": 207.956218,
        "iops_samples": 59
      },
      "write": {
        "io_bytes": 1184747520,
        "io_kbytes": 1156980,
        "bw_bytes": 39490267,
        "bw": 38564,
        "iops": 9641.178627,
        "runtime": 30001,
        "total_ios": 289245,
        "short_ios": 0,
        "drop_ios": 0,
        "slat_ns": {
          "min": 0,
          "max": 0,
          "mean": 0.0,
          "stddev": 0.0,
          "N": 0
        },
        "clat_ns": {
          "min": 21233,
          "max": 3985146,
          "mean": 32532.366803,
          "stddev": 28029.240559,
          "N": 289245,
          "percentile": {
            "1.000000": 23168,
            "5.000000": 24960,
            "10.000000": 26752,
            "20.000000": 28544,
            "30.000000": 28800,
            "40.000000": 29312,
            "50.000000": 29824,
            "60.000000": 30848,
            "70.000000": 33024,
            "80.000000": 35584,
            "90.000000": 39680,
            "95.000000": 44288,
            "99.000000": 63232,
            "99.500000": 72192,
            "99.900000": 97792,
            "99.950000": 115200,
            "99.990000": 296960
          }
        },
        "lat_ns": {
          "min": 21323,
          "max": 3985306,
          "mean": 32774.721821,
          "stddev": 28048.208377,
          "N": 289245
        },
        "bw_min": 36424,
        "bw_max": 40112,
        "bw_agg": 100.0,
        "bw_mean": 38623.59322,
        "bw_dev": 830.465991,
        "bw_samples": 59,
        "iops_min": 9106,
        "iops_max": 10028,
        "iops_mean": 9655.898305,
        "iops_stddev": 207.616498,
        "iops_samples": 59
      },
      "trim": {
        "io_bytes": 0,
        "io_kbytes": 0,
        "bw_bytes": 0,
        "bw": 0,
        "iops": 0.0,
        "runtime": 0,
        "total_ios": 0,
        "short_ios": 0,
        "drop_ios": 0,
        "slat_ns": {
          "min": 0,
          "max": 0,
          "mean": 0.0,
          "stddev": 0.0,
          "N": 0
        },
        "clat_ns": {
          "min": 0,
          "max": 0,
          "mean": 0.0,
          "stddev": 0.0,
          "N": 0
        },
        "lat_ns": {
          "min": 0,
          "max": 0,
          "mean": 0.0,
          "stddev": 0.0,
          "N": 0
        },
        "bw_min": 0,
        "bw_max": 0,
        "bw_agg": 0.0,
        "bw_mean": 0.0,
        "bw_dev": 0.0,
        "bw_samples": 0,
        "iops_min": 0,
        "iops_max": 0,
        "iops_mean": 0.0,
        "iops_stddev": 0.0,
        "iops_samples": 0
      },
      "sync": {
        "total_ios": 0,
        "lat_ns": {
          "min": 0,
          "max": 0,
          "mean": 0.0,
          "stddev": 0.0,
          "N": 0
        }
      },
      "job_runtime": 30000,
      "usr_cpu": 3.676667,
      "sys_cpu": 25.526667,
      "ctx": 578766,
      "majf": 0,
      "minf": 11,
      "iodepth_level": {
        "1": 100.0,
        "2": 0.0,
        "4": 0.0,
        "8": 0.0,
        "16": 0.0,
        "32": 0.0,
        ">=64": 0.0
      },
      "iodepth_submit": {
        "0": 0.0,
        "4": 100.0,
        "8": 0.0,
        "16": 0.0,
        "32": 0.0,
        "64": 0.0,
        ">=64": 0.0
      },
      "iodepth_complete": {
        "0": 0.0,
        "4": 100.0,
        "8": 0.0,
        "16": 0.0,
        "32": 0.0,
        "64": 0.0,
        ">=64": 0.0
      },
      "latency_ns": {
        "2": 0.0,
        "4": 0.0,
        "10": 0.0,
        "20": 0.0,
        "50": 0.0,
        "100": 0.0,
        "250": 0.0,
        "500": 0.0,
        "750": 0.0,
        "1000": 0.0
      },
      "latency_us": {
        "2": 0.0,
        "4": 0.0,
        "10": 0.0,
        "20": 0.0,
        "50": 48.622945,
        "100": 49.663882,
        "250": 1.193051,
        "500": 0.473452,
        "750": 0.038201,
        "1000": 0.01
      },
      "latency_ms": {
        "2": 0.01,
        "4": 0.01,
        "10": 0.01,
        "20": 0.0,
        "50": 0.01,
        "100": 0.0,
        "250": 0.0,
        "500": 0.0,
        "750": 0.0,
        "1000": 0.0,
        "2000": 0.0,
        ">=2000": 0.0
      },
      "latency_depth": 1,
      "latency_target": 0,
      "latency_percentile": 100.0,
      "latency_window": 0
    }
  ],
  "disk_util": [
    {
      "name": "nvme0n1",
      "read_ios": 288730,
      "write_ios": 289025,
      "read_sectors": 2309840,
      "write_sectors": 2329016,
      "read_merges": 0,
      "write_merges": 229,
      "read_ticks": 16680,
      "write_ticks": 5759,
      "in_queue": 22449,
      "util": 71.613698
    }
  ]
}
